{
	"code": "rotPile",
	"class": "BlockPile",
	"entityClass": "BlockEntityPile",
	"creativeinventory": {
		"general": [ "" ],
		"decorative": [ "" ]
	},
	"behaviors": [
		{ "name": "UnstableFalling" }
	],
	"attributes": {
		"addItemLabel": "Add Rot",
		"removeItemLabel": "Remove Rot",
		"interactSoundPath": "gespilesgran:sounds/effects/squish1mono",
		"allowUnstablePlacement": true
	},
	"blockmaterial": "Soil",
	"lightAbsorption": 0,
	"sidesolid": { "all": false },
	"sideopaque": { "all": false },
	"textures": {
		"all": { "base": "gespilesgran:block/rot" }
	},
	"replaceable": 100,
	"resistance": 2,
	"collisionbox": {
		"x1": 0,
		"y1": 0,
		"x2": 1,
		"y2": 0,
		"z2": 1
	},
	"selectionbox": {
		"x1": 0,
		"y1": 0,
		"x2": 1,
		"y2": 0,
		"z2": 1
	},
	"drops": [],
	"materialDensity": 600
}